Id,SalePrice,number
1461,169277.0524984,105318.01138289133
1462,187758.393988768,154061.0171754188
1463,183583.683569555,166202.90094536263
1464,179317.47751083,179746.56563938316
1465,150730.079976501,189579.67054078588
1466,177150.989247307,172191.66816617805
1467,172070.659229164,185130.24918061635
1468,175110.956519547,162969.53026716318
1469,162011.698831665,201717.7392857198
1470,160726.247831419,108535.7915453054
1471,157933.279456005,201528.74051823607
1472,145291.245020389,109553.49249041313
1473,159672.017631819,91114.11645785952
1474,164167.518301885,145140.1545929974
1475,150891.638244053,105869.61608220777
1476,179460.96518734,341677.68706732616
1477,185034.62891405,237886.70391603466
1478,182352.192644656,300614.8359267239
1479,183053.458213802,291524.8447816819
1480,187823.339254278,430495.1122881161
1481,186544.114327568,280086.8033480132
1482,158230.77520516,208814.98803980253
1483,190552.829321091,179321.98846127582
1484,147183.67487199,164620.34651297238
1485,185855.300905493,205530.82446993515
1486,174350.470676986,212628.27784360573
1487,201740.620690863,291751.4538017884
1488,162986.378895754,235456.82308543543
1489,162330.199085679,187751.4846681659
1490,165845.938616539,245194.50923652062
1491,180929.622876974,212818.7532949422
1492,163481.501519718,93759.17414853163
1493,187798.076714233,193738.24459915445
1494,198822.198942566,290843.38827427616
1495,194868.409899858,265860.5645109643
1496,152605.298564403,250574.17626485275
1497,147797.702836811,168669.3554870393
1498,150521.96899297,172912.57148613362
1499,146991.630153739,168762.2075376748
1500,150306.307814534,160500.77738203597
1501,151164.372534604,207660.17413405143
1502,151133.706960953,144354.03042645426
1503,156214.042540726,290067.25251756934
1504,171992.760735142,242153.40117790364
1505,173214.912549738,225886.74211589876
1506,192429.187345783,192072.47688751365
1507,190878.69508543,246621.1246092706
1508,194542.544135519,202423.01169276424
1509,191849.439072822,150140.81247538235
1510,176363.773907793,130679.93134009675
1511,176954.185412429,155028.00710296142
1512,176521.216975696,174850.49455452617
1513,179436.704810176,163860.18015390215
1514,220079.756777048,137411.15454977076
1515,175502.918109444,211368.16293365113
1516,188321.073833569,161868.14927320043
1517,163276.324450004,166145.73989210348
1518,185911.366293097,121759.51819263375
1519,171392.830997252,230367.62455864483
1520,174418.207020775,122636.31607771106
1521,179682.709603774,116215.87266869517
1522,179423.751581665,190271.99565633805
1523,171756.918091777,95651.92427924229
1524,166849.638174419,123734.04501196137
1525,181122.168676666,91003.10753481742
1526,170934.462746566,85939.22057636571
1527,159738.292580329,91007.09862681059
1528,174445.759557658,147991.78018607525
1529,174706.363659627,143112.31849012827
1530,164507.672539365,197578.85358306672
1531,163602.512172832,151795.235877414
1532,154126.270249525,109083.57312246971
1533,171104.853481351,169418.47939616395
1534,167735.39270528,150247.3497624104
1535,183003.613338104,163403.02486726083
1536,172580.381161499,107709.95730090467
1537,165407.889104689,42129.0977235334
1538,176363.773907793,164190.58051961474
1539,175182.950898522,234812.63817895157
1540,190757.177789246,108615.6105290167
1541,167186.995771991,144278.08633908164
1542,167839.376779276,147177.13241101708
1543,173912.421165137,188043.61429616204
1544,154034.917445551,94287.2709782212
1545,156002.955794336,107539.83824315947
1546,168173.94329857,142592.42488894193
1547,168882.437104132,149303.5099055036
1548,168173.94329857,134291.19287675899
1549,157580.177551642,108585.88907519565
1550,181922.15256011,139423.57124454342
1551,155134.227842592,141470.37089501228
1552,188885.573319552,142228.8617777091
1553,183963.193012381,159326.08953832136
1554,161298.762306335,116886.27952653565
1555,188613.66763056,162500.0108229448
1556,175080.111822945,75142.82778779184
1557,174744.400305232,113199.0888192465
1558,168175.911336919,118041.03688423126
1559,182333.472575006,64752.61681862199
1560,158307.206742274,138666.28229514183
1561,193053.055502348,156146.01050101686
1562,175031.089987177,131898.1531730271
1563,160713.294602908,121498.77138490276
1564,173186.215014436,160126.56691341312
1565,191736.7598055,130862.90672533796
1566,170401.630997116,236840.0695358636
1567,164626.577880222,83700.77048473433
1568,205469.409444832,231405.0952322674
1569,209561.784211885,117802.85729613155
1570,182271.503072356,140974.55491186585
1571,178081.549427793,97897.17799151735
1572,178425.956138831,137411.46686791722
1573,162015.318511503,248128.71817129012
1574,181722.420373045,112363.37613115716
1575,156705.730169433,228311.1079701106
1576,182902.420342386,244616.75664608367
1577,157574.595395085,185798.64254866703
1578,184380.739100813,154428.48842363525
1579,169364.469225677,120429.95758665586
1580,175846.179822063,190539.6702314308
1581,189673.295302136,164946.51431419654
1582,174401.317715566,126455.40802754718
1583,179021.448718583,292209.2549953107
1584,189196.845337149,225860.95506684156
1585,139647.095720655,148522.4222507747
1586,161468.198288911,41778.70037612319
1587,171557.32317862,108445.53369185142
1588,179447.36804185,151429.32376394724
1589,169611.619017694,96530.8479077518
1590,172088.872655744,139400.70985256438
1591,171190.624128768,69099.25460828491
1592,154850.508361878,136782.99290303607
1593,158617.655719941,133100.39898381568
1594,209258.33693701,138400.0716306446
1595,177939.027626751,111342.29573141085
1596,194631.100299584,210416.75782020413
1597,213618.871562568,164373.022733954
1598,198342.504228533,186929.42240276514
1599,138607.971472497,191442.1590932391
1600,150778.958976731,188296.1644142042
1601,146966.230339786,31967.64669063897
1602,162182.59620952,117944.52208274929
1603,176825.940961269,60707.645275128074
1604,152799.812402444,267972.55127354525
1605,180322.322067129,247859.83923835214
1606,177508.027228367,165458.36655567354
1607,208029.642652019,165613.89422681788
1608,181987.282510201,219045.95004489948
1609,160172.72797397,197094.9687097161
1610,176761.317654248,151751.95975799253
1611,176515.497545231,131815.02785189915
1612,176270.453065471,189297.61244000914
1613,183050.846258475,164711.12855300773
1614,150011.102062216,137978.15863870503
1615,159270.537808667,79849.0679347855
1616,163419.663729346,54051.809542442905
1617,163399.983345859,68315.1741958661
1618,173364.161505756,113816.48198952852
1619,169556.835902417,153853.0708266904
1620,183690.595995738,145903.74408318102
1621,176980.914909382,136909.92339851474
1622,204773.36222471,152833.59251366672
1623,174728.655998442,259579.70867578452
1624,181873.458244461,220444.74618266826
1625,177322.000823979,119237.85415535746
1626,193927.939041863,181505.94266764354
1627,181715.622732304,180919.2825657134
1628,199270.841200324,277221.87252112525
1629,177109.589956218,171581.74329930637
1630,153909.578271486,332249.99242884386
1631,162931.203336223,211034.1944803656
1632,166386.7567182,226426.17154163634
1633,173719.30379824,188106.40942924516
1634,179757.925656704,189269.9702177064
1635,179007.601964376,186531.0020398083
1636,180370.808623106,156953.57918465836
1637,185102.616730563,187345.31324493745
1638,198825.563452058,198977.99590968993
1639,184294.576009142,175417.49552669632
1640,200443.7920562,262039.74359305203
1641,181294.784484153,181155.1432894566
1642,174354.336267919,248992.93480210984
1643,172023.677781517,217039.17943656165
1644,181666.922855025,228641.06363239326
1645,179024.491269586,234141.80442331498
1646,178324.191575907,162412.61946346425
1647,184534.676687694,158533.42172381422
1648,159397.250378784,132918.12596276682
1649,178430.966728182,136821.9646462854
1650,177743.799385967,101037.92969468003
1651,179395.305519087,108484.32375394856
1652,151713.38474815,106658.82170369057
1653,151713.38474815,106054.51975050452
1654,168434.977996215,145201.37613763288
1655,153999.100311019,142527.45433812216
1656,164096.097354123,136472.56434599007
1657,166335.403036551,145687.42688415665
1658,163020.725375757,147634.23631274654
1659,155862.510668829,106123.48132331553
1660,182760.651095509,147351.53063408518
1661,201912.270622883,405899.6997005604
1662,185988.233987516,333177.7083857253
1663,183778.44888032,366695.3486946357
1664,170935.85921771,426645.0099469805
1665,184468.908382254,314399.01428475813
1666,191569.089663229,297825.2650615531
1667,232991.025583822,335577.60757085076
1668,180980.721388278,347004.5945598057
1669,164279.13048219,301383.1495147452
1670,183859.460411109,345220.07025011675
1671,185922.465682076,262818.0282186181
1672,191742.778119363,382216.30270876584
1673,199954.072465842,277770.8940075068
1674,180690.274752587,250015.87274638866
1675,163099.3096358,205030.81980387005
1676,140791.922472443,207170.7915072199
1677,166481.86647592,205229.92091401573
1678,172080.434496773,421343.85646068456
1679,191719.161659178,341330.9012334123
1680,160741.098612515,317272.91875927476
1681,157829.546854733,277571.89486661577
1682,196896.748596341,292633.5691177561
1683,159675.423990355,184790.7931479714
1684,182084.790901946,191973.29412538512
1685,179233.926374487,199755.2467519641
1686,155774.270901623,171015.94239487546
1687,181354.326716058,192454.64997358806
1688,179605.563663918,206141.46288297372
1689,181609.34866147,212970.20829040045
1690,178221.531623281,215454.42475952487
1691,175559.920735795,202255.15832157154
1692,200328.822792041,275095.40176808136
1693,178630.060559899,188325.70420983434
1694,177174.535221728,182580.71164162783
1695,172515.687368714,167861.75216220878
1696,204032.992922943,261520.67005736846
1697,176023.232787689,166206.81873573828
1698,202202.073341595,301806.3914241083
1699,181734.480075862,321430.1359213558
1700,183982.158993126,237965.6382324258
1701,188007.94241481,269818.81894517574
1702,185922.966763517,245595.59137150692
1703,183978.544874918,244344.7831696514
1704,177199.618638821,279397.9117750833
1705,181878.647956764,268912.0655032201
1706,173622.088728263,375736.73724364676
1707,180728.168562655,218979.3183533731
1708,176477.026606328,208023.30113136675
1709,184282.266697609,258809.23103725072
1710,162062.47538448,224899.86430414114
1711,182550.070992189,271352.3304224387
1712,180987.949624695,254500.26022761967
1713,178173.79762147,267324.33267870336
1714,179980.635948606,223520.65568311466
1715,173257.637826205,209051.65265712328
1716,177271.291059307,189980.66570024332
1717,175338.355442312,191282.61656496348
1718,177548.140549508,140442.92381664994
1719,175969.91662932,220860.05438533844
1720,175011.481953462,273046.0579444561
1721,185199.372568143,185485.63770011067
1722,188514.050228937,130584.89745233627
1723,185080.145268797,166672.76315266546
1724,157304.402574096,214854.23570293095
1725,194260.859481297,238544.5194796077
1726,181262.329995106,196864.4858987918
1727,157003.292706732,156199.47988850763
1728,182924.499359899,196865.69188914401
1729,181902.586375439,154755.43954558717
1730,188985.371708134,150791.9228244233
1731,185290.904495068,134095.34103676816
1732,177304.425752748,126819.43101730105
1733,166274.900490809,103427.34840006963
1734,177807.420530107,115581.8732592829
1735,180330.624816201,144755.05475268397
1736,179069.112234629,96860.94731585868
1737,175943.371816948,287495.9791105832
1738,185199.050609653,229437.04583149473
1739,167350.910824524,261446.00250613037
1740,149315.311876449,204439.3549920586
1741,139010.847766793,188300.31193164503
1742,155412.151845447,182194.33218043973
1743,171308.313985441,186383.42516402062
1744,176220.543265638,321551.9486750141
1745,177643.434991809,219837.16422113753
1746,187222.653264601,207591.39495981485
1747,185635.132083154,215536.54995689425
1748,206492.534215854,220849.71565187024
1749,181681.021081956,157728.3925315889
1750,180500.198072685,132787.90757772606
1751,206486.17086841,255477.50183580024
1752,161334.301195429,106531.16093793605
1753,176156.558313965,155258.6733988067
1754,191642.223478994,196081.44736279966
1755,191945.808027777,185627.95484329434
1756,164146.306037354,136538.24034249806
1757,179883.057071096,112315.0450079143
1758,178071.137668844,143141.66232448095
1759,188241.637896875,159165.69991898676
1760,174559.656173171,157902.03230681783
1761,182347.363042264,148320.59384342702
1762,191507.251872857,165954.60116607742
1763,199751.865597358,182714.3851824638
1764,162106.416145131,97891.98997850786
1765,164575.982314367,181807.74145144573
1766,179176.352180931,182588.9998669452
1767,177327.403857584,223727.62750649592
1768,177818.083761781,140485.53516251105
1769,186965.204048443,163434.17419420043
1770,178762.742169197,172490.07537713554
1771,183322.866146283,103411.95803236868
1772,178903.295931891,141320.15264674067
1773,186570.129421778,112610.63988374872
1774,199144.242829024,142461.09158578748
1775,172154.713310956,137935.36356981727
1776,177444.019201603,135358.68799589295
1777,166200.938073485,110521.05355602223
1778,158995.770555632,151999.07123700157
1779,168273.282454755,113704.4333406454
1780,189680.453052788,178839.72513115453
1781,181681.021081956,116411.7141119272
1782,160277.142643643,64946.394283524016
1783,197318.54715833,138151.96966019692
1784,162228.935604196,115274.38954020292
1785,187340.455456083,126329.97904465906
1786,181065.347037275,119289.64900632692
1787,190233.609102705,178749.52399184648
1788,157929.594852031,87124.2296900812
1789,168557.001935469,103660.66655973485
1790,160805.584645628,45378.98376986408
1791,221648.391978216,200955.97236439097
1792,180539.88079815,154865.85445065913
1793,182105.616283853,142970.86182352202
1794,166380.852603154,177457.35959725035
1795,178942.155617426,130308.3500278471
1796,162804.747800461,156334.5918129657
1797,183077.684392615,139871.82768145925
1798,171728.4720292,111346.40911394963
1799,164786.741540638,96386.31433468964
1800,177427.267170302,131745.96486170217
1801,197318.54715833,118117.31344626262
1802,178658.114178223,135255.17273968318
1803,185437.320523764,157973.78995207883
1804,169759.652489529,137347.94741798774
1805,173986.635055186,144648.0948197879
1806,168607.664289468,130869.27519596973
1807,194138.519145183,164749.92001289222
1808,192502.440921994,126810.05403198046
1809,176746.969818601,121337.03584585106
1810,177604.891703134,149820.85330580873
1811,193283.746584832,136838.7568763038
1812,181627.061006609,115704.4543760845
1813,169071.62025834,123074.32396324305
1814,167398.006470987,104698.10643738136
1815,150106.505141704,22471.12571404944
1816,159650.304285848,125813.4681091439
1817,179471.23597476,133215.52234069328
1818,177109.589956218,186137.97498104675
1819,166558.113328453,134054.9075897087
1820,153796.714319583,53923.369599447586
1821,174520.152570658,135228.15790822264
1822,196297.95829524,160367.0526880608
1823,169100.681601175,45951.259782117326
1824,176911.319164431,145708.8815150787
1825,169234.6454828,137957.2740143994
1826,172386.297919134,98769.8390273354
1827,156031.904802362,82919.96034788876
1828,168202.892306596,134436.63057743385
1829,166505.984017547,138299.7534582992
1830,176507.37022149,147885.49608649826
1831,180116.752553161,151115.0355846386
1832,183072.740591406,74068.78446382517
1833,189595.964677698,146983.41434720857
1834,167523.919076265,126424.97546067834
1835,210817.775863413,107957.98838214972
1836,172942.930813351,122422.19532452873
1837,145286.278144089,83784.66279732599
1838,176468.653371492,105644.7054994686
1839,159040.069562187,126913.02731309691
1840,178518.204332507,137174.268036603
1841,169163.980786825,117749.40445901174
1842,189786.685274579,92164.84278410324
1843,181246.728523853,110398.62148233363
1844,176349.927153587,134091.82074907608
1845,205266.631009142,129441.69672686467
1846,187397.993362224,148781.92515671835
1847,208943.427726113,166827.19678914035
1848,165014.532907657,19652.695605829358
1849,182492.037566236,104182.27383697266
1850,161718.71259042,113296.93810718879
1851,180084.118941162,155931.19870452676
1852,178534.950802179,129672.04036380211
1853,151217.259961305,127679.29758731253
1854,156342.717587562,183398.92936565494
1855,188511.443835239,163055.77282682783
1856,183570.337896789,226321.7243353764
1857,225810.160292177,132849.39870174555
1858,214217.401131694,134231.6822649031
1859,187665.64101603,103751.54481623042
1860,161157.177744039,156982.66169571131
1861,187643.992594193,103412.8381882431
1862,228156.372839158,278974.4222781835
1863,220449.534665317,278429.06720973644
1864,220522.352084222,278443.11999549204
1865,156647.763531624,344800.38715662365
1866,187388.833374873,345741.8863677506
1867,178640.723791573,236795.41900944477
1868,180847.216739049,305333.2291850026
1869,159505.170529478,226455.21027085301
1870,164305.538020654,230059.85077692615
1871,180181.19673723,255348.5442546811
1872,184602.734989972,192787.29376702383
1873,193440.372174434,230471.42022793763
1874,184199.788209911,131127.24075538013
1875,196241.892907637,185396.93406595662
1876,175588.618271096,182465.09447721206
1877,179503.046546829,210924.77400352946
1878,183658.076582555,205094.35643651662
1879,193700.976276404,114908.90159748401
1880,165399.62450704,120168.86279317993
1881,186847.944787446,245468.346967211
1882,198127.73287817,253124.2362325592
1883,183320.898107934,189639.58764091716
1884,181613.606696657,203173.9466812266
1885,178298.791761954,240392.06018383894
1886,185733.534000593,287750.42448358843
1887,180008.188485489,231994.41509614466
1888,175127.59621604,271169.89372420544
1889,183467.176862723,174990.17519150302
1890,182705.546021743,94439.17143158847
1891,152324.943593181,128344.15796476835
1892,169878.515981342,88371.62093138555
1893,183735.975076576,132399.95075590443
1894,224118.280105941,103307.37395116384
1895,169355.202465146,134161.38797530113
1896,180054.276407441,128065.72153880773
1897,174081.601977368,97392.97196624568
1898,168494.985022146,118801.2018842583
1899,181871.598843299,163341.65539642703
1900,173554.489658383,138731.15592292696
1901,169805.382165577,144883.54944700142
1902,176192.990728755,122245.54394981358
1903,204264.39284654,200028.52564572124
1904,169630.906956928,128544.75880575413
1905,185724.838807268,183597.34614823293
1906,195699.036281861,138656.63612574618
1907,189494.276162169,208482.57986255735
1908,149607.905673439,111363.9530651283
1909,154650.199045978,143783.9016693344
1910,151579.558140433,122708.03014605702
1911,185147.380531144,188538.7741717454
1912,196314.53120359,272840.6128189522
1913,210802.395364155,164155.01818523696
1914,166271.2863726,60339.68347992818
1915,154865.359142973,302046.2660618494
1916,173575.5052865,-109928.41649385402
1917,179399.563554274,253286.86414212384
1918,164280.776562049,141437.7708528284
1919,171247.48948121,180966.91289295303
1920,166878.587182445,162461.79594909633
1921,188129.459710994,363128.1669359566
1922,183517.34369691,327678.4150130763
1923,175522.026925727,237601.52284366242
1924,190060.105331152,211029.7987849824
1925,174179.824771856,216741.0711615705
1926,171059.523675194,367826.76601952186
1927,183004.186769318,131415.26084939856
1928,183601.647387418,164406.7593399086
1929,163539.327185998,124303.2747660242
1930,164677.676391525,133141.65881533152
1931,162395.073865424,154398.56822732463
1932,182207.6323195,145042.66941035376
1933,192223.939790304,167083.4526032363
1934,176391.829390125,167809.90218112897
1935,181913.179121348,163809.84624842973
1936,179136.097888261,184607.32996947085
1937,196595.568243212,177490.1158866873
1938,194822.365690957,192583.86608004384
1939,148356.669440918,244906.82315885113
1940,160387.604263899,188634.95526415226
1941,181276.500571809,165392.31873932807
1942,192474.817899346,187561.78419426712
1943,157699.907796437,204009.20068585174
1944,215785.540813051,304398.42786048213
1945,181824.300998793,355277.9167943327
1946,221813.00948166,14225.763992666034
1947,165281.292597397,276209.5348444483
1948,255629.49047034,163403.73318289034
1949,173154.590990955,255830.52583326353
1950,183884.65246539,198564.2198135082
1951,200210.353608489,274543.02978374856
1952,186599.221265342,226598.94015246234
1953,192718.532696106,203160.24063032796
1954,178628.665952764,190583.13766880892
1955,180650.342418406,122886.6119246697
1956,206003.107947263,321698.64301516465
1957,166457.67844853,150194.70551172923
1958,202916.221653487,290786.9645237671
1959,192463.969983091,137177.4883311065
1960,171775.497189898,102277.0730530452
1961,175249.222149411,125419.86272648629
1962,147086.59893993,96431.08227929613
1963,149709.672100371,113124.04299986688
1964,171411.404533743,99398.12721935357
1965,178188.964799425,136361.29107589182
1966,156491.711373235,137636.79069425282
1967,180953.241201168,283094.0257019473
1968,203909.759061135,371870.4113713651
1969,175470.149087545,362622.63199510146
1970,205578.333622415,343382.91587207373
1971,199428.857699441,420550.43537476717
1972,187599.163869476,347807.7250661603
1973,192265.198109864,296523.63688979903
1974,196666.554897677,310513.16673146957
1975,155537.862252682,657589.4067746906
1976,169543.240620935,274490.3891876363
1977,202487.010170501,348492.1249238725
1978,208232.716273485,310234.98454752704
1979,173621.195202569,311512.880264055
1980,172414.608571812,175738.19502229337
1981,164400.75641556,337642.3713904279
1982,160480.424024781,213141.25886934437
1983,156060.853810389,200352.12814935413
1984,157437.192820581,178876.49934837595
1985,158163.720929772,216631.95883005997
1986,154849.043268978,211993.22384442715
1987,152186.609341561,193776.6760335758
1988,180340.215399228,190104.03451547446
1989,178344.62451356,210878.70800297242
1990,190170.382266827,224957.52627885342
1991,168092.975480832,217614.77651013806
1992,178757.912566805,244054.78649698757
1993,174518.256882082,184278.83181126183
1994,198168.490116289,237198.80298139574
1995,176882.693978902,181202.75086473487
1996,183801.672896251,292916.87317007687
1997,196400.046680661,302128.0997388938
1998,172281.605004025,288631.8924334801
1999,196380.366297173,276694.657378379
2000,198228.354306682,302221.0687725886
2001,195556.581268962,308047.6344343247
2002,186453.264469043,256579.28343540942
2003,181869.381196234,261099.73189009796
2004,175610.840124147,288156.6744423737
2005,183438.730800145,245116.20721234172
2006,179584.488673295,216243.39801933942
2007,182386.152242034,257095.50450526294
2008,160750.367237054,228009.53525236016
2009,182477.505046008,205704.39434251934
2010,187720.359207171,213277.20649800403
2011,187201.942081511,144856.258256746
2012,176385.102235149,187247.49056845135
2013,175901.787841278,178898.31349227158
2014,182584.280198283,200121.29081976856
2015,195664.686104237,213185.31929273484
2016,181420.346494222,200071.9996723528
2017,176676.04995228,209460.40410043905
2018,181594.678867334,104146.73593734019
2019,178521.747964951,138042.63427925413
2020,175895.883726231,88904.69108754513
2021,168468.005916477,89477.32713250816
2022,200973.129447888,178944.510956747
2023,197030.641992202,153013.96188444528
2024,192867.417844592,287501.68134848564
2025,196449.247639381,332598.27467570757
2026,141684.196398607,180600.48237665882
2027,153353.334123901,164278.57232934097
2028,151143.549016705,158106.00058263913
2029,163753.087114229,167179.77190364664
2030,158682.460013921,260585.71379372198
2031,144959.835250915,244111.27749714605
2032,160144.390548579,257897.910841736
2033,156286.534303521,253789.9641687479
2034,165726.707619571,180093.12301750667
2035,182427.481047359,207967.09161437768
2036,173310.56154032,226194.9113374818
2037,173310.56154032,232737.90508430684
2038,151556.01403002,321691.1251053547
2039,158908.146068683,226577.9281383683
2040,209834.383092536,339322.9215424829
2041,192410.516550815,302848.1096705538
2042,174026.247294886,204452.31746222498
2043,195499.830115336,176099.657578344
2044,200918.018812493,177396.55601395993
2045,207243.616023976,205436.95265793195
2046,196149.783851876,133684.68792028213
2047,192097.914850217,136754.80058348156
2048,178570.948923671,154400.7464993829
2049,228617.968325428,134399.9859564982
2050,199929.884438451,176280.90626532398
2051,160206.365612859,107607.78180140303
2052,179854.431885567,113436.37236129818
2053,185987.340461822,144888.46364184748
2054,161122.505607926,78460.77458724962
2055,175949.342720138,173649.0864723972
2056,183683.590595324,158785.48025626154
2057,176401.34762338,101800.55330368271
2058,205832.532527897,215726.25430768542
2059,177799.799849436,120768.93122977763
2060,167565.362080406,182455.4264194551
2061,186348.958436557,179552.1545518958
2062,179782.759465081,113247.87013404071
2063,169837.623333323,113126.05964348139
2064,178817.275675758,117508.30474171415
2065,174444.479149339,131706.28551717917
2066,192834.968917174,170839.50474418607
2067,196564.717984981,106401.4484159192
2068,206977.567039357,136900.16015345068
2069,157054.253944128,75745.02381652361
2070,175142.948078577,106946.39061003877
2071,159932.1643654,86373.95163148455
2072,182801.408333628,147543.78017560765
2073,181510.375176825,133943.7913565708
2074,181613.035129451,189945.0802014526
2075,186920.512597635,141025.08759968122
2076,157950.170625222,128763.82415372459
2077,176115.159022876,151628.03643870447
2078,182744.514344465,110402.0870635272
2079,180660.683691591,142614.96833000332
2080,160775.629777099,122251.07357722102
2081,186711.715848082,124438.39650421916
2082,223581.758190888,117465.1787510044
2083,172330.943236652,148005.8205775672
2084,163474.633393212,95653.16257882211
2085,175308.263299874,107755.72279568296
2086,187462.725306432,125723.92491788184
2087,180655.101535034,132749.93058564235
2088,152121.98603454,94690.19648987986
2089,159856.233909727,87511.47510516574
2090,186559.854936737,127499.43993451027
2091,183962.550959411,80814.57819585339
2092,162107.168699296,140469.4659017129
2093,162582.288981283,160591.44220621046
2094,154407.701597409,133105.5254477868
2095,181625.666399474,139421.26370213414
2096,164810.609473548,92489.87803029222
2097,176429.401241704,110527.33411019295
2098,179188.089925259,147770.93064491544
2099,145997.635377703,19624.906051714206
2100,218676.768270367,49371.388251893455
2101,188323.861214226,119446.60340041574
2102,168690.0722914,147814.49638372706
2103,165088.746797705,90482.8723824427
2104,191435.007885166,145565.92148663662
2105,168864.404664512,160270.15278749843
2106,176041.882371574,56100.03228252567
2107,215911.674390325,196281.1719313499
2108,167388.238629016,125392.54194782069
2109,163854.786753017,103462.6880836587
2110,163299.477980171,116292.92521454743
2111,178298.214633119,156855.58094613324
2112,176376.586164775,127800.88573589735
2113,170211.043976522,126145.6355057566
2114,170818.344786366,124139.2861058435
2115,174388.867432503,164476.37838982698
2116,161112.987374671,99097.54901338695
2117,172179.082325307,132422.75868830667
2118,157798.309713876,127440.74003903964
2119,169106.151422924,107850.60268399562
2120,170129.531364292,121881.54354032455
2121,157680.227412949,70260.71454107692
2122,162690.209131977,98904.7287062488
2123,146968.379365095,71529.91202473501
2124,181507.721372455,171264.41350791696
2125,191215.589752983,141985.91150631965
2126,189432.689844522,149875.8053139588
2127,207271.484957719,157518.6393585028
2128,170030.807488363,149678.93584090192
2129,148409.806476335,78673.94510643324
2130,193850.613979055,128360.36936159013
2131,193808.319298263,132744.62068383908
2132,166300.235380627,101782.98320913967
2133,163474.633393212,121975.0229147179
2134,177473.606564978,127262.31136657554
2135,157443.925537187,112902.62562517077
2136,180681.007992057,58837.92736196611
2137,183463.17030026,106597.50733830407
2138,182481.763081195,156163.05585147487
2139,193717.15117887,151060.91020806297
2140,182782.55099007,140886.40607461217
2141,175530.651633287,161156.65293486416
2142,177804.057884623,121738.21902556508
2143,159448.670848577,148417.11641497817
2144,181338.976717529,106651.61485786247
2145,178553.558537021,136911.31615009322
2146,162820.928264556,169292.28795012622
2147,188832.479997186,152530.17785225064
2148,164682.185899437,142178.61138285045
2149,181549.735943801,165930.5226476672
2150,199158.097008868,217587.00764888595
2151,152889.520990566,131983.84303453052
2152,181150.551679116,195650.33730912395
2153,181416.732376013,197055.39454103657
2154,164391.238182305,112898.22660343722
2155,185421.046498812,137822.75897105387
2156,193981.327550004,266234.84170536883
2157,178824.324789223,245136.4519596158
2158,209270.051606246,241490.84714363702
2159,177801.266806344,236380.66925450042
2160,179053.762236101,196449.52309787925
2161,178762.170601992,253514.4527380159
2162,184655.300458183,340809.1635235818
2163,191284.655779772,358038.1436600173
2164,179598.085818785,250500.4225415038
2165,167517.628078595,215005.5710718301
2166,182873.903794044,153203.84126485512
2167,177484.91371363,209180.4861816098
2168,188444.597319524,181394.63701266446
2169,179184.153848562,195171.82864841702
2170,184365.175780982,215233.9772495667
2171,184479.322005212,157333.21573968837
2172,182927.863869391,129714.4822280407
2173,178611.639373646,164090.69617384765
2174,181943.343613558,224932.2658901806
2175,175080.614768394,272594.7913726433
2176,190720.794649138,296227.2194324867
2177,198422.868144723,242017.73144948483
2178,184482.11308349,223154.040136165
2179,139214.952187861,139550.9278564374
2180,169233.113601757,196200.02593545057
2181,180664.118686848,194165.94052284793
2182,178818.742632666,218970.13764110324
2183,180422.049969947,200784.95499094063
2184,178601.93645581,119458.6149462501
2185,183083.159775993,129881.03027076833
2186,173163.101499699,154269.34782689577
2187,185968.161159774,164701.01389459893
2188,171226.050683054,161349.95544083836
2189,281643.976116786,308970.14329357725
2190,160031.711281258,58534.52309948346
2191,162775.979779394,46327.182822640985
2192,160735.445970193,76677.68869456463
2193,166646.109048572,111176.65577947814
2194,188384.548444549,92112.95868665306
2195,165830.697255197,86492.33871544385
2196,182138.358533039,110498.32264254196
2197,171595.397975647,110058.96079500415
2198,160337.079183809,162654.66629233933
2199,191215.088671543,182796.6697617073
2200,166956.093232213,127985.5087538003
2201,186581.830878692,136842.62170684524
2202,176450.548582099,222872.7295735355
2203,193743.194909801,112596.30908478191
2204,198882.566078408,152307.0154238646
2205,176385.102235149,100415.08162361756
2206,162447.639333636,126083.87210136326
2207,193782.555676777,178224.19061888894
2208,183653.890897141,218148.9420029018
2209,210578.623546866,196748.13319203397
2210,158527.164107319,122737.4277775269
2211,163081.025723456,115193.33301217481
2212,174388.867432503,134351.34003289323
2213,191905.870131966,110834.54538036115
2214,174388.867432503,164709.37183899083
2215,161642.711648983,96877.03777283593
2216,186939.507215101,140739.61930326978
2217,172482.165792649,60009.38709624787
2218,159695.999763546,83673.98847217718
2219,157230.369671007,72824.6636400728
2220,179188.089925259,32823.514424656285
2221,157972.82120994,302477.9533200334
2222,156804.951429181,264831.0748571921
2223,211491.972463654,302904.386254305
2224,186537.246201062,219504.90512428293
2225,200468.161070551,99454.03027550154
2226,182241.340444154,187882.9909259244
2227,157342.225898399,227834.72465696186
2228,182022.387105998,282444.5824790022
2229,181244.510876788,242843.15748146782
2230,178556.671573788,144046.28415552364
2231,189547.199876284,213231.34133867617
2232,187948.65165563,181430.83869941346
2233,194107.287565956,201387.37049958226
2234,183521.710369283,272257.9472468677
2235,183682.123638416,247272.0235506557
2236,178483.353073443,259288.62715231837
2237,184003.879764736,327027.3206708841
2238,171318.59033449,190570.3723815442
2239,162039.754313997,125564.68316811696
2240,154846.252190699,162390.16645827517
2241,194822.365690957,140902.85028616106
2242,169788.738771463,114832.46669483418
2243,178891.554489941,125523.30908983294
2244,152084.772428865,106634.30091346754
2245,139169.86642879,102434.67359009152
2246,192439.536044606,140817.07881598757
2247,161067.859766557,120149.51380525087
2248,158762.648504781,110122.61222976423
2249,175569.690441774,120856.22328407643
2250,183659.795012187,125535.8656499032
2251,280618.132617258,88187.98981018807
2252,180051.809151659,181845.54048211593
2253,176519.18031559,151030.21272348566
2254,179028.429210291,172354.5500957775
2255,177161.583857224,183046.8822434987
2256,180081.508849842,190829.69796221564
2257,205895.254584712,195727.1931418609
2258,183389.78131415,164798.91180830635
2259,178543.647859512,176556.09467164497
2260,194798.320499104,106185.14910986763
2261,162845.613675766,192946.86573655764
2262,148103.867006579,203924.95502522704
2263,201016.171121215,335989.1921583121
2264,277936.12694354,421872.89404035965
2265,249768.279823405,142944.86766508827
2266,161596.052159825,263069.8551352024
2267,158011.114889899,343662.62776477425
2268,194089.683858004,374889.12968489295
2269,181733.336941451,160750.18540864764
2270,182852.32772198,208617.54242630885
2271,189893.003058465,216876.08414943842
2272,194650.210979875,273880.395659992
2273,187904.461286262,166716.01232073922
2274,171774.925622692,181792.90783145768
2275,177998.685921479,144177.36948662484
2276,175648.484325498,199609.17306236178
2277,196918.071362067,183985.60956556443
2278,184299.838071218,151464.71016481495
2279,182379.855682734,107457.33748801099
2280,184050.725802482,99481.26251359982
2281,158296.975970284,175093.49367832765
2282,175053.355553278,186756.39308596356
2283,162293.376090644,118904.71877494827
2284,186328.880047186,117834.43692661845
2285,151422.116936538,134215.73662420735
2286,181969.358707768,114323.32886007265
2287,189122.67702416,354824.38277543825
2288,185645.475220346,278058.60540640657
2289,182829.898109257,300976.4649713482
2290,195848.788183328,389901.2925840118
2291,198785.059550672,312651.1714164382
2292,181676.126555428,384228.07883782533
2293,194131.012663328,406819.2210754723
2294,201416.004864508,342757.93738850136
2295,185096.577205616,440053.57965881715
2296,195158.972598372,244455.97667357232
2297,184795.783735112,335435.98551384965
2298,189168.263864671,339440.3786133828
2299,216855.260149095,334129.23479413707
2300,184946.642483576,298651.67677358305
2301,189317.51282069,309817.05227284436
2302,180803.277842406,246386.84874430392
2303,175061.18585763,240392.87254239013
2304,179074.839090732,236777.76124947076
2305,145708.764336107,207141.90666206973
2306,142398.022752011,203955.41223335546
2307,161474.534863641,213731.21895487234
2308,157025.945155458,217141.08573377738
2309,163424.037827357,300753.9256346249
2310,164692.778645345,203182.46208152873
2311,152163.2443541,210575.83221726678
2312,192383.215486656,189559.66700283764
2313,182520.230322476,181080.98764033942
2314,187254.507549722,178043.64347446105
2315,176489.659740359,195771.0987620193
2316,181520.466841293,219092.4639657559
2317,186414.978214721,194501.53377142618
2318,185197.764639705,188874.88566920767
2319,178657.794083741,189933.43297589011
2320,179731.198023759,185836.82001549704
2321,161748.271317074,232312.98053890932
2322,158608.749069322,203166.53513002372
2323,178807.370559878,197897.57418732112
2324,184187.158803897,202356.03601677995
2325,181686.10402108,228982.6362044313
2326,190311.050228337,191638.18168573128
2327,192252.496354076,207217.24673872022
2328,193954.849525775,232957.64117576415
2329,181044.201560887,187605.11569778807
2330,180258.131219792,182379.09760493645
2331,199641.657313834,315431.3606304086
2332,197530.775205517,354406.1609526274
2333,191777.196949138,296548.7960257777
2334,195779.543033588,248821.4333266206
2335,202112.046522999,275442.33587127645
2336,192343.34807661,289545.66527833324
2337,185191.359443218,200966.94637502683
2338,186760.207965688,255994.41953409323
2339,177733.78193528,231518.52714566747
2340,164430.391189608,399214.63799187844
2341,185299.601552401,214235.93196299626
2342,186414.012339254,242537.54677178897
2343,176401.921054593,234291.72274476686
2344,182381.322639642,227477.08150380757
2345,176334.184710805,233036.53912467975
2346,184901.735847457,210159.95273224008
2347,180085.766885029,197294.1159178689
2348,184901.735847457,244573.70663530333
2349,183967.561548763,180589.49481503828
2350,193046.301574659,302679.69830802595
2351,168538.969495849,269253.636947379
2352,170157.842016969,254321.20480227587
2353,196559.709259637,252751.38100541965
2354,177133.709361852,139589.89335278329
2355,181553.279576244,157845.2814301271
2356,185770.606634739,168581.25505749462
2357,177017.595099274,204445.64946587756
2358,184123.358536806,205313.97225320875
2359,165970.357492196,113090.28846671036
2360,158151.985049452,125356.84673129907
2361,177086.476441481,139748.9294062166
2362,196373.896176551,264158.53687133663
2363,172465.707083115,154610.90205701115
2364,168590.782409896,186420.0708388579
2365,158820.474171061,231789.89471422834
2366,151611.37057651,184540.53538177535
2367,152125.028585543,212423.13952866802
2368,158404.073081048,217118.2448065444
2369,160692.078640755,205352.6175945513
2370,170175.22684199,169803.7198940199
2371,169854.436591138,165667.7596113549
2372,183410.785819008,208766.87787257042
2373,180347.194026928,300824.56476274296
2374,178930.528374292,291841.546398669
2375,153346.220086301,240541.52409950527
2376,182675.204270589,300153.9945192998
2377,180770.649792036,328756.1439966154
2378,188714.148087543,141354.96436894895
2379,191393.608594076,217424.28110592067
2380,174016.157494425,168406.34956189245
2381,183189.685319552,166303.4168755277
2382,183621.508757866,219493.98662644136
2383,168991.29635758,200007.5599193084
2384,185306.650665866,250230.6245522066
2385,189030.680303208,171288.47552571353
2386,179208.665698449,134765.16530877864
2387,174901.452792889,126275.92979413085
2388,168337.406544343,114991.1814043019
2389,158234.96461859,126800.98105339217
2390,179562.453368834,152411.65744862892
2391,174176.391640607,128120.48369332193
2392,173931.531845427,108212.12491944525
2393,184111.729429665,174740.66021056147
2394,179374.482001188,122139.02951505454
2395,207348.811884535,197272.34453668073
2396,186983.419339031,140963.4942379687
2397,206779.094049527,212936.45812298986
2398,177472.074683935,113347.339590393
2399,156727.948324862,74859.51723133028
2400,157090.568462479,62627.3756348975
2401,160387.032696693,119149.50298905233
2402,172410.28005086,134718.13852371462
2403,191603.365657467,134767.90846342826
2404,182152.207151253,149572.7065032823
2405,180161.697340702,162958.35067632142
2406,169652.235284283,140178.52393465186
2407,182503.520140218,123585.68244362157
2408,179714.630677039,152936.45427320385
2409,180282.570719908,104983.8478191006
2410,192600.338060371,184767.7231294443
2411,166115.491248565,103542.73791950475
2412,186379.553524443,163241.47717075818
2413,184361.992258449,116135.26226057159
2414,186220.965458121,147373.95181587012
2415,198176.47090687,126783.29590020911
2416,168437.776500131,131447.1071218513
2417,178003.582312015,127230.01381047163
2418,179180.469244588,124964.56237373827
2419,191930.561104806,128519.34785731067
2420,175590.266214964,111537.73648960912
2421,176713.19307219,33645.374904370634
2422,180159.090947005,100257.82573800557
2423,188090.100808026,140883.62040538783
2424,186184.717727913,137086.00416103238
2425,223055.588672278,182430.84041224932
2426,158270.753116401,126262.65770739364
2427,184733.12846644,132064.76620742213
2428,199926.378957429,179416.50060490705
2429,175075.785166001,94531.07919235947
2430,180917.925148076,123247.31246340345
2431,182067.760625207,94706.40460893791
2432,178238.60191545,136848.90972457384
2433,173454.944606532,138191.949700268
2434,176821.936262814,130912.82266623224
2435,183642.191304235,146447.53494122298
2436,177254.582741058,108163.34205255192
2437,168715.950111702,99261.61771442718
2438,180096.931198144,117397.45815891353
2439,160620.728178758,111951.64991572313
2440,175286.544392273,130678.81686286884
2441,153494.783276297,136231.28474741848
2442,156407.65915545,98310.37736173114
2443,162162.525245786,146154.90921477578
2444,166809.886827197,125131.51971382927
2445,172929.156408918,105717.39835653477
2446,193514.330894137,140175.8358745363
2447,181612.141603756,211606.6196405706
2448,191745.386377068,140482.81005013408
2449,171369.325038261,113667.16422656039
2450,184425.470567051,160191.3939049109
2451,170563.252355189,117633.45846815826
2452,184522.369240168,196011.92823003884
2453,164968.947931153,86247.82631589938
2454,157939.621592364,106946.75819436507
2455,151520.381580069,121335.95054146065
2456,176129.508722531,156395.91122977855
2457,171112.978971478,125237.41942690685
2458,169762.081624282,126471.34587231046
2459,162246.828936295,113652.04598794365
2460,171339.303381589,144502.6388335384
2461,189034.753653813,125685.0400548093
2462,175758.873595981,126427.0748526447
2463,163351.721489893,142387.98251241166
2464,189806.546645026,174122.68999176007
2465,175370.990918319,135430.23702034215
2466,196895.599900301,127638.00872306456
2467,176905.917994834,161336.589276511
2468,176866.557227858,89322.44434381812
2469,163590.677170026,87666.96092390153
2470,212693.502958393,192601.77950173384
2471,192686.931747717,213092.66334869806
2472,181578.684951827,162888.82522415533
2473,166475.457581812,114077.31595728616
2474,185998.255166219,67652.23254636326
2475,185527.714877908,209172.04726025928
2476,159027.118197683,105222.26551121473
2477,181169.654933769,117918.45317095378
2478,176732.915304722,152067.98108249786
2479,191619.294648838,104634.29176095268
2480,189114.303789324,149550.4567150895
2481,180934.635330334,136628.65046237642
2482,164573.372223048,136560.4745028764
2483,173902.011270196,93280.37369775842
2484,165625.127741229,129310.581434055
2485,179555.219570787,132508.46443850826
2486,196899.720661579,138129.8842478688
2487,207566.12470446,196162.438073406
2488,163899.981149274,176126.51801379398
2489,189179.428177786,151567.24056013767
2490,193892.880023125,146294.86278572492
2491,178980.874331431,105932.4856953891
2492,179749.876244365,189219.5761412757
2493,197999.674975598,161474.51047922322
2494,203717.470295797,157942.1000262876
2495,185249.261156892,79303.3022717638
2496,201691.208274848,230105.83567371545
2497,181956.548314794,157723.66403599782
2498,171895.936275806,90249.11265139934
2499,187245.168439419,74021.57760846103
2500,157816.77461318,106546.53512593731
2501,191702.912573325,153648.3722211849
2502,198599.420028908,148549.83642289205
2503,187193.313676329,112169.32740084454
2504,220514.993999535,38728.44150890759
2505,181814.527595192,230657.82142574224
2506,183750.755371907,263685.6284702071
2507,183000.431679579,282941.5796558412
2508,185830.971906573,267121.501378105
2509,185497.872344187,222247.07639843924
2510,179613.437681321,217252.6498877178
2511,164454.967963631,187475.31604991714
2512,185127.237217638,208074.3886980191
2513,178750.613844623,244287.29608890158
2514,160927.61044889,306375.2056746748
2515,192562.808057836,136221.749262535
2516,180990.24148554,174582.6488638597
2517,180064.941503122,134795.5473676857
2518,196070.997393789,144877.0572955883
2519,180352.919019023,228879.61480340827
2520,183367.953769362,219719.12951370003
2521,176734.841494027,197570.05681799818
2522,180848.220765939,221596.73476219643
2523,187806.059368823,114986.6915290237
2524,180521.52640004,138145.24098540423
2525,181502.754496154,139626.81696698628
2526,174525.87942676,145545.7166275736
2527,188927.984063168,124464.93969590776
2528,184728.870431253,121684.73640020285
2529,179857.975518011,123748.1234635117
2530,180962.868071609,125221.34787133429
2531,179194.066390078,244369.08047016803
2532,179591.789259484,226260.33042834373
2533,180638.463702549,203118.61140460474
2534,185846.215131922,255065.08009977173
2535,195174.031139141,271485.0468094996
2536,192474.56829063,231012.58193947934
2537,164200.595496827,237637.50400763797
2538,178403.094096818,192969.96545221866
2539,170774.84018302,207219.01775080757
2540,179879.945898337,189503.39058729424
2541,177668.192752792,194926.34067509044
2542,180174.328610725,169584.65558421938
2543,170643.303572141,108317.68768600887
2544,165448.004289838,109630.4944192092
2545,195531.754886222,136347.117177238
2546,165314.177682121,124115.0628560204
2547,172532.757660882,153710.56249140203
2548,203310.218069877,147417.78463616688
2549,175090.062515883,147469.55218495103
2550,230841.338626282,642795.9228362567
2551,155225.19006632,139558.39338493207
2552,168322.342441945,138449.6133674751
2553,165956.259265265,62234.53973471327
2554,193956.817564124,76922.43172094203
2555,171070.367893827,104495.31770967925
2556,166285.243628001,86228.37709227903
2557,182875.801346628,94460.48177221045
2558,218108.536769738,147690.5261678861
2559,174378.777632042,121798.29035097081
2560,164731.316372391,138896.27563540265
2561,156969.695083273,142704.34964069375
2562,173388.854342604,139425.58879889734
2563,177559.628685119,127851.97242578305
2564,194297.789279905,188081.8584894368
2565,174894.588364005,108170.32776984782
2566,196544.144075798,127744.82847839268
2567,179036.158528149,100452.73035295354
2568,211423.986511149,169525.80479532806
2569,208156.398935188,203505.8853960042
2570,159233.941347257,122852.29762221128
2571,210820.115134931,165511.21239099745
2572,140196.10979821,157355.73597203568
2573,198678.469082978,209021.4817657317
2574,186818.610760803,463148.393846506
2575,175044.797633861,147046.84146471927
2576,180031.162892704,133664.3031575703
2577,176889.171525162,160132.38730230182
2578,159638.856165666,82512.02678523585
2579,154287.264375509,3948.693620699225
2580,191885.618181273,94985.18527901452
2581,177503.378612934,113010.63519045035
2582,166548.31684976,148081.25602128543
2583,164475.14942856,264521.3554537704
2584,167484.744857879,189114.88210988394
2585,188683.160555403,193258.17359448248
2586,162243.399502668,229888.92678121105
2587,180807.213919103,203847.83994049858
2588,176279.079637039,134783.90885433182
2589,163438.959094218,164202.85011660075
2590,161495.5393685,227090.54191287723
2591,216032.303722443,273938.17957922816
2592,176632.181541401,219207.96391575364
2593,168743.001567144,254345.2953502033
2594,183810.11848086,193464.58979311865
2595,156794.36054728,228934.6353046787
2596,169136.43011395,324089.3654659393
2597,183203.318752456,205777.95171593316
2598,213252.926930889,277269.5757456713
2599,190550.327866959,336394.76921302686
2600,234707.209860273,-317.66460320632905
2601,135751.318892816,149946.3599465168
2602,164228.45886894,63531.300516888965
2603,153219.437030419,83657.88251932012
2604,164210.746523801,69369.06392902811
2605,163883.229117973,67989.85188105865
2606,154892.776269956,153299.13442507642
2607,197092.08733832,225148.8221662282
2608,228148.376399122,204615.2951851564
2609,178680.587503997,174002.92830269504
2610,165643.341167808,109845.2790795064
2611,222406.642660249,119439.95759750297
2612,184021.843582599,158204.63346186234
2613,170871.094939159,134910.35585327167
2614,189562.873697309,105883.53706974466
2615,170591.884966356,162142.8076898167
2616,172934.351682851,158031.68262704345
2617,186425.069879189,191018.25040001003
2618,218648.131133006,232112.22892099852
2619,183035.606761141,206542.20401921822
2620,178378.906069427,176859.17450677045
2621,184516.716597846,173745.41322168056
2622,181419.5253183,187432.3677894047
2623,196858.923438425,228367.528534777
2624,189228.701486278,288678.80954326084
2625,208973.380761028,265076.83437927486
2626,180269.86896412,170912.546053485
2627,159488.713683953,160656.66208491568
2628,191490.299507521,391502.2185432933
2629,228684.245137946,432582.31369951426
2630,201842.998700429,324212.526119804
2631,209242.82289186,426339.4133916517
2632,202357.62258493,366181.0654043879
2633,168238.61218265,274367.8739398923
2634,202524.12465369,375348.9050010103
2635,170588.771929588,166908.62310167542
2636,198375.31512987,173024.83723895368
2637,170636.827889889,214531.9950246252
2638,181991.079479377,262550.7091478333
2639,183994.54251844,184131.53197957715
2640,182951.482193584,152340.32091825875
2641,174126.297156192,95752.59743368323
2642,170575.496742588,186931.7731974437
2643,175332.239869971,109611.97291749856
2644,167522.061539111,112569.49930054601
2645,168095.583738538,112117.15635258285
2646,154406.415627461,100015.5189122823
2647,170996.973346087,114919.46353179519
2648,159056.890245639,135901.10003782716
2649,181373.6165193,153034.1880094912
2650,152272.560975937,126797.71752164699
2651,168664.346821336,135558.80331435776
2652,211007.008292301,354839.36877018376
2653,182909.515032911,244768.99526682706
2654,203926.829353303,246771.61626191158
2655,179082.825442944,370305.7363424018
2656,206260.099795032,313866.8624688531
2657,181732.443415757,349079.7440372284
2658,189698.740693148,297661.0269006295
2659,203074.34678979,302460.0310964568
2660,201670.634365666,336790.1152420477
2661,173756.812589691,338076.97534112516
2662,181387.076390881,360173.3343863331
2663,184859.155270535,269288.3799960767
2664,158313.615666777,288894.56919431686
2665,151951.955409666,313630.624373815
2666,162537.52704471,297869.7406934013
2667,178998.337067854,189914.46167060873
2668,186732.584943041,194090.7168618422
2669,187323.318406165,195096.63353901636
2670,199437.232798284,279599.98173280107
2671,185546.680858653,200916.69024364464
2672,161595.015798593,198726.76994165266
2673,154672.422763036,196879.35166726424
2674,159355.710116165,199333.84186457284
2675,155919.014077746,166508.99200955825
2676,182424.87095604,217691.60150148114
2677,178100.589622319,199787.8784484819
2678,202577.900044456,255423.77437609877
2679,177862.778940605,264014.73032767884
2680,182056.024744887,268889.2526463955
2681,191403.199177104,384700.85924080375
2682,196264.754980043,304364.6294921222
2683,209375.003419718,439716.8530826521
2684,196691.81930173,298458.97855962603
2685,192458.431539585,320377.30272834795
2686,182242.80926507,249545.28021945385
2687,183259.503900506,284269.4349182658
2688,188108.243748841,216909.9691226217
2689,171418.640195797,207161.95786149264
2690,194698.882220432,362045.9455520924
2691,174841.84007522,192201.99755674275
2692,172965.476488899,140003.9024346203
2693,189386.323677132,209537.2113606988
2694,185682.618340257,149656.44777665194
2695,176412.012719061,206371.75675647706
2696,174976.489722867,194801.3100369547
2697,180718.581707643,178888.10839538812
2698,186131.188248242,219355.52300857753
2699,165220.786354033,177654.61892604828
2700,164115.893800435,157450.53896867903
2701,182125.729127024,160651.43411043053
2702,182285.140233276,109284.03817514842
2703,196325.442210366,138045.41670194897
2704,164865.215329881,143766.0927205335
2705,182694.492209823,100417.93619124219
2706,185425.485520958,99749.44218421029
2707,171414.7041191,133391.7896793473
2708,183433.472466085,116790.87459007418
2709,176844.981155794,112361.93080560351
2710,180568.187753206,122298.16981808608
2711,185948.625475832,138765.97386693
2712,189388.291715481,351189.9261444672
2713,142754.489165865,176020.1174883796
2714,156106.800760811,160338.82761079678
2715,155895.397617561,170629.98463497683
2716,159851.977738548,142721.84661497083
2717,185157.832305524,194311.1611928516
2718,180716.291710805,228420.3968483666
2719,176901.093954071,145130.60398906725
2720,181017.222455218,189869.60889033228
2721,183269.159407668,130454.27999480651
2722,193550.830097069,171820.58878734894
2723,170625.842699726,164330.73673953535
2724,182012.405942725,126799.32923150621
2725,179162.507290733,124738.55075558834
2726,183269.159407668,130669.58341654087
2727,180589.836175042,148411.42085521645
2728,181465.935198741,188931.37807631237
2729,196053.029878304,135588.20342832082
2730,183421.020319014,131981.69271887653
2731,167926.839083612,135156.02069321927
2732,168027.530997889,130537.39649746986
2733,182164.26685407,149448.93267896585
2734,172469.071592608,136112.4249310298
2735,181059.374300472,136351.76091034943
2736,182997.570115536,124006.8486424787
2737,166140.504179894,103579.31263116538
2738,198515.546934075,126008.00991307339
2739,193789.648503294,154878.7419254349
2740,173550.025727531,134785.52169549046
2741,176487.943174734,156243.0432284677
2742,188813.302559147,179981.71719199582
2743,178531.911979192,149748.85971608665
2744,182145.731469001,157835.4048115681
2745,179196.465024103,138492.73902528873
2746,169618.349900686,119467.10051705828
2747,170010.168655046,181384.79167313594
2748,181739.671652174,121529.2092387774
2749,172846.934955574,129734.96001326153
2750,195560.8830172,106070.03451049072
2751,180358.114292956,121735.46331069665
2752,211817.702818093,234573.3006060496
2753,176170.128686742,135083.5125961881
2754,234492.248263699,196458.5777168898
2755,182450.956536015,139761.84119954752
2756,174902.068073146,69052.61733583314
2757,173684.174293738,62311.614281021524
2758,147196.673677562,100135.15208027442
2759,175231.189709791,160010.36976381112
2760,193417.64740633,132226.9981542984
2761,183313.601249761,144611.48322079843
2762,180882.250849082,123652.12425504834
2763,186735.697979808,185254.88983787317
2764,172922.865411247,170021.8784299118
2765,202551.677190573,268430.9814881659
2766,190485.634074173,127247.72805505455
2767,173439.49362151,58399.26741861296
2768,196613.598849219,101672.17418629187
2769,178152.259700828,122896.33053673897
2770,174519.904825949,156349.4866813582
2771,172627.796932837,98606.8247643672
2772,173732.689486435,102906.23648578953
2773,209219.844787023,191995.84941090783
2774,181059.374300472,151932.57217239006
2775,188515.443002459,125770.4777727346
2776,182164.26685407,156103.65799759375
2777,188137.901597981,169477.11352042318
2778,158893.54306269,131979.9352636533
2779,189579.65066771,138555.82657116186
2780,165229.803505847,97450.20287829614
2781,162186.071220207,92901.01783291576
2782,166374.879866351,95766.63861076161
2783,161665.184974757,96342.04129842669
2784,175079.328798445,123375.79622180271
2785,203840.874021305,139496.2133143153
2786,152129.078861057,73588.65524677024
2787,181012.141380101,140826.99639217835
2788,161305.53503837,63946.1976552899
2789,203326.392972343,172279.078797895
2790,168385.571141831,98646.25113508478
2791,183564.365159986,106291.38533145352
2792,163784.619440861,74277.97857847204
2793,171989.192193993,161758.9835456065
2794,180839.95616829,90252.4165291565
2795,170895.923185907,124137.16527113388
2796,174071.054808518,76291.42924890993
2797,259423.859147546,220889.43630905077
2798,188000.824679588,114181.59151898208
2799,179171.703565498,147431.64499033988
2800,171022.241447762,63616.85687429365
2801,174126.297156192,109014.10942094447
2802,187625.573271948,134110.36889832304
2803,199567.946369234,159055.72290075338
2804,205328.078219268,123464.95461162622
2805,166231.535025379,107772.89941618824
2806,154743.91606057,78186.26189215109
2807,159714.537012622,170476.42038941896
2808,185563.069082422,164424.61886464944
2809,171500.796725006,119218.91524547013
2810,180983.443844799,113556.64663394983
2811,183141.236914997,181566.49638698972
2812,178498.634450214,165809.57565407408
2813,224323.710512388,154966.39515019534
2814,218200.642127877,137746.14289835375
2815,182283.177756557,100996.53691272112
2816,190054.639237419,247715.6102594207
2817,160192.453934518,172693.10293457052
2818,171289.393581756,138434.24454709282
2819,151131.098733642,180413.37079866603
2820,181721.458225594,132746.9446233965
2821,172725.053851858,115753.11346572964
2822,222438.699143414,188333.4672907819
2823,235419.373448928,290850.11440158007
2824,185150.926027596,160648.79459876684
2825,184772.239624699,156029.31714044465
2826,180658.216435809,133863.42664696882
2827,209673.316647174,129799.95620486583
2828,205939.810625621,234050.10160127515
2829,165633.573325837,247144.23081660317
2830,186030.317211014,215998.21374050295
2831,160312.319589212,194599.00788122066
2832,190702.440251029,241479.50497149397
2833,175122.810326699,287788.65854422096
2834,183783.13937519,220061.71357263066
2835,178290.666302221,219230.37820760114
2836,181605.343963015,214532.7941471464
2837,187992.451444752,155494.65512290597
2838,188885.11781517,125757.72647236474
2839,189959.344795118,178155.8836640441
2840,179258.619211334,188233.8899526773
2841,181518.750275669,208500.80886411504
2842,193008.659237315,230443.72099724645
2843,186313.89385619,156286.13394506671
2844,181499.39185067,173616.831339553
2845,174126.297156192,109755.55892356485
2846,183918.612062767,207387.05634462647
2847,184114.270899227,193151.1639108113
2848,158540.947801398,225668.95472727157
2849,197034.759055859,205092.80442250986
2850,185170.284452595,284368.8476566863
2851,221134.533635148,229099.77244729223
2852,184306.637575967,230217.96284824237
2853,199792.302740996,232821.58125689463
2854,143237.803559736,155444.44172368315
2855,177294.838897736,211574.33284859755
2856,182368.620883855,202431.4996838409
2857,176487.943174734,201494.10425107856
2858,183849.408762071,216669.30832380475
2859,184964.141507413,89611.65499497205
2860,196395.969632434,143133.71001393418
2861,188374.936650438,121216.91143569956
2862,176261.296806135,222301.7033439451
2863,163628.142248426,142608.01454712613
2864,180618.032628904,265191.04099923396
2865,161647.329794081,130047.28476481745
2866,167129.598867773,160766.75922176195
2867,174750.988352687,99812.02404120006
2868,177560.202116333,108629.1171435425
2869,192577.796112839,90931.017685398
2870,199202.898960871,104188.66938698711
2871,182818.156667308,71464.70120017743
2872,148217.262540651,12264.471094817156
2873,188997.797082492,84306.28534783656
2874,185807.928877601,169758.4911703535
2875,177030.477842021,110762.02557349391
2876,175942.474593632,188559.01183166774
2877,172912.518576433,132038.1709516202
2878,198359.248864591,141674.05073844036
2879,184379.133036383,125407.01395634748
2880,194255.566948886,113541.26449740818
2881,209449.651603064,109640.8369500949
2882,169979.323958443,161307.2152768094
2883,188206.281858748,194924.02656287327
2884,186412.438609167,186790.70725851227
2885,196761.386409959,166704.7347576546
2886,208353.269558209,216427.411024638
2887,166548.067241044,110661.05529872142
2888,175942.474593632,150547.69869200187
2889,166790.457916434,42763.87757572206
2890,160515.850579067,80858.98563751834
2891,192167.621096362,147440.81477509858
2892,178751.551083369,23415.211791448994
2893,198678.894117024,87276.95221075788
2894,164553.120272354,32249.498379221885
2895,156887.932862327,311054.7327742465
2896,164185.777305524,268209.4262739555
2897,212992.120630876,220271.11848769337
2898,197468.550532521,148012.74326980533
2899,180106.84373966,235234.8790154783
2900,183972.071056674,144777.6342887096
2901,245283.198337927,245603.41537140636
2902,170351.963410756,216631.54193257284
2903,195596.307707478,318852.259021071
2904,189369.756330412,347121.21766838944
2905,223667.404551664,59895.869882171275
2906,169335.310624364,203654.98246356123
2907,167411.02835165,108634.91631879425
2908,187709.555003968,119256.48798007751
2909,196526.002998991,140949.94937703153
2910,137402.569855589,75985.20456868806
2911,165086.775061735,50628.589833288686
2912,188506.431412274,159172.75781194563
2913,172917.456816012,57606.169868948404
2914,166274.325225982,59339.168593905866
2915,167081.220948984,72096.75336914067
2916,164788.778231138,58972.027767676394
2917,219222.423400059,146715.5260656271
2918,184924.279658997,118879.74233469507
2919,187741.866657478,238069.66115805088
